sku,date,actual,predicted
BRK-1015,2026-04-20,8,14.8
BRK-1015,2026-04-27,3,8.38
BRK-1015,2026-05-04,7,14.8
BRK-1015,2026-05-11,2,8.38
BRK-1015,2026-05-18,6,8.38
BRK-1015,2026-05-25,0,8.38
BRK-1015,2026-06-01,3,8.38
BRK-1015,2026-06-08,1,8.38
BRK-1036,2026-04-20,23,19.66
BRK-1036,2026-04-27,26,19.66
BRK-1036,2026-05-04,49,32.79
BRK-1036,2026-05-11,23,19.66
BRK-1036,2026-05-18,16,19.66
BRK-1036,2026-05-25,16,19.66
BRK-1036,2026-06-01,20,19.66
BRK-1036,2026-06-08,17,19.66
BRK-1040,2026-04-20,23,23.75
BRK-1040,2026-04-27,18,23.75
BRK-1040,2026-05-04,17,23.75
BRK-1040,2026-05-11,21,23.75
BRK-1040,2026-05-18,26,23.75
BRK-1040,2026-05-25,30,23.75
BRK-1040,2026-06-01,16,23.75
BRK-1040,2026-06-08,16,23.75
BRK-1041,2026-04-20,51,72.19
BRK-1041,2026-04-27,46,72.19
BRK-1041,2026-05-04,52,72.19
BRK-1041,2026-05-11,55,72.19
BRK-1041,2026-05-18,100,144.38
BRK-1041,2026-05-25,60,72.19
BRK-1041,2026-06-01,52,72.19
BRK-1041,2026-06-08,54,72.19
BRK-1054,2026-04-20,13,21.81
BRK-1054,2026-04-27,20,21.81
BRK-1054,2026-05-04,30,21.81
BRK-1054,2026-05-11,27,43.36
BRK-1054,2026-05-18,25,21.81
BRK-1054,2026-05-25,8,21.81
BRK-1054,2026-06-01,11,21.81
BRK-1054,2026-06-08,13,21.81
BRK-1074,2026-04-20,7,14.39
BRK-1074,2026-04-27,10,14.39
BRK-1074,2026-05-04,8,14.39
BRK-1074,2026-05-11,6,14.39
BRK-1074,2026-05-18,11,14.39
BRK-1074,2026-05-25,19,14.39
BRK-1074,2026-06-01,14,14.39
BRK-1074,2026-06-08,11,14.39
BRK-1083,2026-04-20,55,49.82
BRK-1083,2026-04-27,115,95.4
BRK-1083,2026-05-04,55,49.82
BRK-1083,2026-05-11,35,49.82
BRK-1083,2026-05-18,68,49.82
BRK-1083,2026-05-25,48,49.82
BRK-1083,2026-06-01,49,49.82
BRK-1083,2026-06-08,56,49.82
BRK-1087,2026-04-20,18,15.96
BRK-1087,2026-04-27,20,15.96
BRK-1087,2026-05-04,10,15.96
BRK-1087,2026-05-11,16,15.96
BRK-1087,2026-05-18,8,15.96
BRK-1087,2026-05-25,17,15.96
BRK-1087,2026-06-01,25,31.92
BRK-1087,2026-06-08,30,31.92
BRK-1092,2026-04-20,72,96.57
BRK-1092,2026-04-27,44,48.63
BRK-1092,2026-05-04,107,96.57
BRK-1092,2026-05-11,30,48.63
BRK-1092,2026-05-18,55,48.63
BRK-1092,2026-05-25,68,48.63
BRK-1092,2026-06-01,45,48.63
BRK-1092,2026-06-08,54,48.63
CHN-1005,2026-04-20,37,38.52
CHN-1005,2026-04-27,19,20.89
CHN-1005,2026-05-04,20,20.89
CHN-1005,2026-05-11,12,20.89
CHN-1005,2026-05-18,19,20.89
CHN-1005,2026-05-25,18,20.89
CHN-1005,2026-06-01,23,20.89
CHN-1005,2026-06-08,24,20.89
CHN-1023,2026-04-20,24,27.64
CHN-1023,2026-04-27,17,27.64
CHN-1023,2026-05-04,42,46.97
CHN-1023,2026-05-11,20,27.64
CHN-1023,2026-05-18,30,27.64
CHN-1023,2026-05-25,18,27.64
CHN-1023,2026-06-01,22,27.64
CHN-1023,2026-06-08,20,27.64
CHN-1029,2026-04-20,34,32.48
CHN-1029,2026-04-27,33,32.48
CHN-1029,2026-05-04,34,32.48
CHN-1029,2026-05-11,49,32.48
CHN-1029,2026-05-18,38,32.48
CHN-1029,2026-05-25,36,32.48
CHN-1029,2026-06-01,33,32.48
CHN-1029,2026-06-08,46,32.48
CHN-1043,2026-04-20,52,46.13
CHN-1043,2026-04-27,37,46.13
CHN-1043,2026-05-04,56,46.13
CHN-1043,2026-05-11,35,46.13
CHN-1043,2026-05-18,46,46.13
CHN-1043,2026-05-25,33,46.13
CHN-1043,2026-06-01,40,46.13
CHN-1043,2026-06-08,47,46.13
CHN-1046,2026-04-20,17,21.25
CHN-1046,2026-04-27,25,21.25
CHN-1046,2026-05-04,19,21.25
CHN-1046,2026-05-11,29,21.25
CHN-1046,2026-05-18,29,21.25
CHN-1046,2026-05-25,30,21.25
CHN-1046,2026-06-01,25,21.25
CHN-1046,2026-06-08,25,21.25
CHN-1048,2026-04-20,47,31.42
CHN-1048,2026-04-27,44,31.42
CHN-1048,2026-05-04,46,31.42
CHN-1048,2026-05-11,36,31.42
CHN-1048,2026-05-18,36,31.42
CHN-1048,2026-05-25,44,31.42
CHN-1048,2026-06-01,25,31.42
CHN-1048,2026-06-08,45,31.42
CHN-1054,2026-04-20,30,28.45
CHN-1054,2026-04-27,34,28.45
CHN-1054,2026-05-04,38,28.45
CHN-1054,2026-05-11,37,28.45
CHN-1054,2026-05-18,28,28.45
CHN-1054,2026-05-25,84,48.04
CHN-1054,2026-06-01,35,28.45
CHN-1054,2026-06-08,39,28.45
CHN-1059,2026-04-20,75,80.94
CHN-1059,2026-04-27,52,42.77
CHN-1059,2026-05-04,53,80.94
CHN-1059,2026-05-11,48,42.77
CHN-1059,2026-05-18,41,42.77
CHN-1059,2026-05-25,46,42.77
CHN-1059,2026-06-01,43,42.77
CHN-1059,2026-06-08,96,80.94
ELE-1012,2026-04-20,41,33.81
ELE-1012,2026-04-27,36,33.81
ELE-1012,2026-05-04,34,33.81
ELE-1012,2026-05-11,28,33.81
ELE-1012,2026-05-18,32,33.81
ELE-1012,2026-05-25,45,33.81
ELE-1012,2026-06-01,41,33.81
ELE-1012,2026-06-08,43,33.81
ELE-1026,2026-04-20,9,16.44
ELE-1026,2026-04-27,11,16.44
ELE-1026,2026-05-04,19,16.44
ELE-1026,2026-05-11,14,16.44
ELE-1026,2026-05-18,14,16.44
ELE-1026,2026-05-25,20,16.44
ELE-1026,2026-06-01,34,32.88
ELE-1026,2026-06-08,9,16.44
ELE-1081,2026-04-20,18,18.69
ELE-1081,2026-04-27,13,18.69
ELE-1081,2026-05-04,13,18.69
ELE-1081,2026-05-11,18,18.69
ELE-1081,2026-05-18,22,18.69
ELE-1081,2026-05-25,20,18.69
ELE-1081,2026-06-01,18,18.69
ELE-1081,2026-06-08,17,18.69
FIL-1001,2026-04-20,16,22.53
FIL-1001,2026-04-27,19,22.53
FIL-1001,2026-05-04,21,22.53
FIL-1001,2026-05-11,16,22.53
FIL-1001,2026-05-18,23,22.53
FIL-1001,2026-05-25,10,22.53
FIL-1001,2026-06-01,17,22.53
FIL-1001,2026-06-08,14,22.53
FIL-1023,2026-04-20,29,41.03
FIL-1023,2026-04-27,34,41.03
FIL-1023,2026-05-04,30,41.03
FIL-1023,2026-05-11,29,41.03
FIL-1023,2026-05-18,26,41.03
FIL-1023,2026-05-25,31,41.03
FIL-1023,2026-06-01,36,41.03
FIL-1023,2026-06-08,34,41.03
FIL-1024,2026-04-20,11,18.49
FIL-1024,2026-04-27,6,18.49
FIL-1024,2026-05-04,14,18.49
FIL-1024,2026-05-11,12,18.49
FIL-1024,2026-05-18,10,18.49
FIL-1024,2026-05-25,11,18.49
FIL-1024,2026-06-01,15,18.49
FIL-1024,2026-06-08,14,18.49
FIL-1040,2026-04-20,41,33.37
FIL-1040,2026-04-27,37,33.37
FIL-1040,2026-05-04,42,33.37
FIL-1040,2026-05-11,41,33.37
FIL-1040,2026-05-18,46,33.37
FIL-1040,2026-05-25,53,33.37
FIL-1040,2026-06-01,44,33.37
FIL-1040,2026-06-08,140,66.74
FIL-1042,2026-04-20,31,35.65
FIL-1042,2026-04-27,65,61.39
FIL-1042,2026-05-04,28,35.65
FIL-1042,2026-05-11,24,35.65
FIL-1042,2026-05-18,29,35.65
FIL-1042,2026-05-25,23,35.65
FIL-1042,2026-06-01,32,35.65
FIL-1042,2026-06-08,29,35.65
FIL-1050,2026-04-20,2,2.8
FIL-1050,2026-04-27,2,2.8
FIL-1050,2026-05-04,4,5.12
FIL-1050,2026-05-11,1,2.8
FIL-1050,2026-05-18,0,2.8
FIL-1050,2026-05-25,2,2.8
FIL-1050,2026-06-01,1,2.8
FIL-1050,2026-06-08,3,2.8
GRP-1003,2026-04-20,9,16.05
GRP-1003,2026-04-27,8,16.05
GRP-1003,2026-05-04,9,16.05
GRP-1003,2026-05-11,8,16.05
GRP-1003,2026-05-18,7,16.05
GRP-1003,2026-05-25,15,16.05
GRP-1003,2026-06-01,5,16.05
GRP-1003,2026-06-08,9,16.05
GRP-1056,2026-04-20,20,20.24
GRP-1056,2026-04-27,41,29.23
GRP-1056,2026-05-04,15,20.24
GRP-1056,2026-05-11,43,29.23
GRP-1056,2026-05-18,15,20.24
GRP-1056,2026-05-25,20,20.24
GRP-1056,2026-06-01,20,20.24
GRP-1056,2026-06-08,23,20.24
OIL-1002,2026-04-20,51,57.18
OIL-1002,2026-04-27,46,57.18
OIL-1002,2026-05-04,54,57.18
OIL-1002,2026-05-11,41,57.18
OIL-1002,2026-05-18,51,57.18
OIL-1002,2026-05-25,53,57.18
OIL-1002,2026-06-01,45,57.18
OIL-1002,2026-06-08,39,57.18
OIL-1006,2026-04-20,28,39.48
OIL-1006,2026-04-27,21,19.77
OIL-1006,2026-05-04,14,19.77
OIL-1006,2026-05-11,19,19.77
OIL-1006,2026-05-18,12,19.77
OIL-1006,2026-05-25,13,19.77
OIL-1006,2026-06-01,6,19.77
OIL-1006,2026-06-08,14,19.77
